<?xml version="1.0" encoding="UTF-8"?>
<project-private xmlns="http://www.netbeans.org/ns/project-private/1">
    <editor-bookmarks xmlns="http://www.netbeans.org/ns/editor-bookmarks/2" lastBookmarkId="0"/>
    <open-files xmlns="http://www.netbeans.org/ns/projectui-open-files/2">
        <group name="2017Spring250"/>
        <group name="NewJava2">
            <file>file:/C:/JavaProjects/WorkSpace/NewJava2/Week07_Midweek/src/Week07_Midweek/Week07_Midweek.java</file>
        </group>
    </open-files>
</project-private>
