<?xml version="1.0" encoding="UTF-8"?>
<project-private xmlns="http://www.netbeans.org/ns/project-private/1">
    <editor-bookmarks xmlns="http://www.netbeans.org/ns/editor-bookmarks/2" lastBookmarkId="0"/>
    <open-files xmlns="http://www.netbeans.org/ns/projectui-open-files/2">
        <group name="2016Spring"/>
        <group name="Java2_Samples">
            <file>file:/C:/Program%20Files/NetBeans%208.0.2/WorkSpace/Java2_Samples/BSTAnimation/src/bstanimation/BSTAnimation.java</file>
        </group>
    </open-files>
</project-private>
